<?xml version="1.0" encoding="UTF-8"?>
<project-private xmlns="http://www.netbeans.org/ns/project-private/1">
    <editor-bookmarks xmlns="http://www.netbeans.org/ns/editor-bookmarks/2" lastBookmarkId="0"/>
    <open-files xmlns="http://www.netbeans.org/ns/projectui-open-files/2">
        <group>
            <file>file:/C:/Users/balis/Desktop/JavaApp/ASSM/src/com/JFrames/SignupFrame.java</file>
            <file>file:/C:/Users/balis/Desktop/JavaApp/ASSM/src/com/JFrames/SplashScreenFrame.java</file>
            <file>file:/C:/Users/balis/Desktop/JavaApp/ASSM/src/com/JFrames/StudentManagerFrame.java</file>
            <file>file:/C:/Users/balis/Desktop/JavaApp/ASSM/src/com/JFrames/SigninFrame.java</file>
        </group>
    </open-files>
</project-private>
